{
    "last": {
        "test_loss": 0.26264551281929016,
        "test_acc": 0.886363685131073
    },
    "best": {
        "test_loss": 0.32676321268081665,
        "test_acc": 0.9318181872367859
    }
}