{
    "last": {
        "test_loss": 0.6944077014923096,
        "test_acc": 0.9090909361839294
    },
    "best": {
        "test_loss": 0.32676321268081665,
        "test_acc": 0.9318181872367859
    }
}